{"schemaVersion":"1.0","appDefinitionTemplate":{"id":"/providers/Microsoft.PowerApps/apps/","type":"Microsoft.PowerApps/apps","tags":{"primaryDeviceWidth":"1366","primaryDeviceHeight":"768","sienaVersion":"20200504T175914Z-3.20023.8.0","deviceCapabilities":"","supportsPortrait":"false","supportsLandscape":"true","primaryFormFactor":"Tablet","publisherVersion":"3.20023.8","minimumRequiredApiVersion":"2.2.0","hasComponent":"false","hasUnlockedComponent":"false"},"properties":{"appVersion":"2020-05-04T17:59:14Z","lifeCycleId":"Published","createdByClientVersion":{"major":3,"minor":20023,"build":8,"revision":0,"majorRevision":0,"minorRevision":0},"minClientVersion":{"major":3,"minor":20023,"build":8,"revision":0,"majorRevision":0,"minorRevision":0},"backgroundColor":"rgba(12, 193, 169, 1)","backgroundImageUri":"/11471096978565247665/Nd2eaeb4e-07c7-4bd5-abe4-bb91a86b119f-logoSmallFile","displayName":"0&X1 version 3b","description":"Noughts and Crosses","commitMessage":"","appUris":{"documentUri":{"value":"/11471096978565247665/N14006726-b7f1-4cc4-aa4a-5545b12477c5-document.msapp","readonlyValue":"/11471096978565247665/N14006726-b7f1-4cc4-aa4a-5545b12477c5-document.msapp"},"imageUris":[]},"createdTime":"0001-01-01T00:00:00Z","lastModifiedTime":"0001-01-01T00:00:00Z","sharedGroupsCount":0,"sharedUsersCount":0,"icons":{"smallIconUri":"/11471096978565247665/N2d99f02a-c8c5-4b99-9754-7499edaf9c2a-small.png","mediumIconUri":"/11471096978565247665/Nd000ea55-bc7e-4266-9df0-75efefc63011-medium.png","largeIconUri":"/11471096978565247665/N65b61074-f32b-4749-afcf-ce2518e4be8e-large.png","wideIconUri":"/11471096978565247665/N11e8aa03-6b04-466c-b117-f2ddccabe970-wide.png"},"connectionReferences":{},"databaseReferences":{},"almMode":"Environment","performanceOptimizationEnabled":false,"canConsumeAppPass":true},"isAppComponentLibrary":false,"appType":"ClassicCanvasApp","appComponents":[]}}