{"schemaVersion":"1.0","appDefinitionTemplate":{"id":"/providers/Microsoft.PowerApps/apps/","type":"Microsoft.PowerApps/apps","tags":{"primaryDeviceWidth":"1366","primaryDeviceHeight":"768","sienaVersion":"20200504T184414Z-3.20023.8.0","deviceCapabilities":"","supportsPortrait":"false","supportsLandscape":"true","primaryFormFactor":"Tablet","publisherVersion":"3.20023.8","minimumRequiredApiVersion":"2.2.0","hasComponent":"false","hasUnlockedComponent":"false"},"properties":{"appVersion":"2020-05-04T18:44:14Z","lifeCycleId":"Published","createdByClientVersion":{"major":3,"minor":20023,"build":8,"revision":0,"majorRevision":0,"minorRevision":0},"minClientVersion":{"major":3,"minor":20023,"build":8,"revision":0,"majorRevision":0,"minorRevision":0},"backgroundColor":"rgba(12, 193, 169, 1)","backgroundImageUri":"/15184338462701654742/Nb5a28291-a3c0-4208-808e-b3725a33b85c-logoSmallFile","displayName":"0&X1 version 1","description":"Noughts and Crosses","commitMessage":"","appUris":{"documentUri":{"value":"/15184338462701654742/N8bf1cb70-58e6-4b47-aa29-cd6c9b43b71f-document.msapp","readonlyValue":"/15184338462701654742/N8bf1cb70-58e6-4b47-aa29-cd6c9b43b71f-document.msapp"},"imageUris":[]},"createdTime":"0001-01-01T00:00:00Z","lastModifiedTime":"0001-01-01T00:00:00Z","sharedGroupsCount":0,"sharedUsersCount":0,"icons":{"smallIconUri":"/15184338462701654742/N975634ed-ed11-4629-8995-f419ef4027ea-small.png","mediumIconUri":"/15184338462701654742/N11a04414-1f8d-4550-bae1-5a267f20492f-medium.png","largeIconUri":"/15184338462701654742/N76996b0e-0d03-49af-a0eb-c3e306e90134-large.png","wideIconUri":"/15184338462701654742/N0b1641f7-81c8-4950-8687-044e25173aaa-wide.png"},"connectionReferences":{},"databaseReferences":{},"almMode":"Environment","performanceOptimizationEnabled":false,"canConsumeAppPass":true},"isAppComponentLibrary":false,"appType":"ClassicCanvasApp","appComponents":[]}}