{"schemaVersion":"1.0","appDefinitionTemplate":{"id":"/providers/Microsoft.PowerApps/apps/","type":"Microsoft.PowerApps/apps","tags":{"primaryDeviceWidth":"1366","primaryDeviceHeight":"768","sienaVersion":"20200504T184437Z-3.20023.8.0","deviceCapabilities":"","supportsPortrait":"false","supportsLandscape":"true","primaryFormFactor":"Tablet","publisherVersion":"3.20023.8","minimumRequiredApiVersion":"2.2.0","hasComponent":"false","hasUnlockedComponent":"false"},"properties":{"appVersion":"2020-05-04T18:44:37Z","lifeCycleId":"Published","createdByClientVersion":{"major":3,"minor":20023,"build":8,"revision":0,"majorRevision":0,"minorRevision":0},"minClientVersion":{"major":3,"minor":20023,"build":8,"revision":0,"majorRevision":0,"minorRevision":0},"backgroundColor":"rgba(12, 193, 169, 1)","backgroundImageUri":"/10814965188212332066/N37a0e0a8-862d-4818-9d30-2bc8751858e0-logoSmallFile","displayName":"0&X1 version 2","description":"Noughts and Crosses","commitMessage":"","appUris":{"documentUri":{"value":"/10814965188212332066/N64c257b6-efab-4fb1-98b5-632c3a8a7684-document.msapp","readonlyValue":"/10814965188212332066/N64c257b6-efab-4fb1-98b5-632c3a8a7684-document.msapp"},"imageUris":[]},"createdTime":"0001-01-01T00:00:00Z","lastModifiedTime":"0001-01-01T00:00:00Z","sharedGroupsCount":0,"sharedUsersCount":0,"icons":{"smallIconUri":"/10814965188212332066/Nf7a7d008-aa48-4a72-b6ef-0fd4a763a218-small.png","mediumIconUri":"/10814965188212332066/Nbd6b799c-7664-467d-b334-c640e6b3b427-medium.png","largeIconUri":"/10814965188212332066/N2e494144-d907-4421-a8a2-2f8f65e0b84b-large.png","wideIconUri":"/10814965188212332066/N7de7f010-ed8f-4ed0-8953-98fa0ed7a154-wide.png"},"connectionReferences":{},"databaseReferences":{},"almMode":"Environment","performanceOptimizationEnabled":false,"canConsumeAppPass":true},"isAppComponentLibrary":false,"appType":"ClassicCanvasApp","appComponents":[]}}